[{"entry": "Set specific goals for my coding practice:\n\n- Research and choose a new Python library to learn\n\n- Solve a certain number of coding challenges each week\n\n- Explore online platforms like Coursera, Udemy, and Codecademy for Python courses\n\n- Enroll in a Python course focused on artificial intelligence or machine learning\n\n- Collaborate with Peyton to actively participate in coding and problem-solving discussions\n\n- Regularly engage in coding challenges and competitions\n\n- Seek feedback from more experienced programmers"}, {"entry": "class MyModel(tf.keras.Model):\n    def __init__(self):\n        super(MyModel, self).__init__()\n        # Define the architecture of the model here\n\n    def call(self, inputs):\n        # Define the forward pass of the model here\n        pass"}, {"entry": "I have created a Python script named 'list_of_tools.py' that includes a list of tools for creating an HTML web server. The script is located at 'D:\\AutonomousCognitiveEntities\\Jarvis-Limited prototype\\Buddy\\workspace\\work\\list_of_tools.py.py'. I will review the script for accuracy and inclusiveness."}, {"entry": "I have created a Python script named 'list_of_tools.py' that includes a list of tools for creating an HTML web server. The script is located at 'D:\\AutonomousCognitiveEntities\\Jarvis-Limited prototype\\Buddy\\workspace\\work\\list_of_tools.py.py'. I will review the script for accuracy and inclusiveness."}, {"entry": "I have created a Python script named 'list_of_tools.py' that includes a list of tools for creating an HTML web server. The script is located at 'D:\\AutonomousCognitiveEntities\\Jarvis-Limited prototype\\Buddy\\workspace\\work\\list_of_tools.py.py'. I will review the script for accuracy and inclusiveness."}]